[{"model": "productores.productor", "pk": 1, "fields": {"nombre": "Santos de la Paz Silva", "fecha_naciemiento": "1962-01-24", "sexo": "Hombre", "organizacion": 1, "anios_vinculacion": 4.0, "pais": 1, "departamento": 1, "municipio": 1, "latitud": null, "longitud": null, "edad": 1}}, {"model": "productores.productor", "pk": 2, "fields": {"nombre": "Lazaro ALberto Sauceda", "fecha_naciemiento": "1972-03-17", "sexo": "Hombre", "organizacion": 2, "anios_vinculacion": 3.5, "pais": 1, "departamento": 1, "municipio": 1, "latitud": null, "longitud": null, "edad": 1}}, {"model": "productores.miembrosfamilia", "pk": 1, "fields": {"productor": 1, "miembros": "Hombres > 31 a\u00f1os", "cantidad": 1}}, {"model": "productores.miembrosfamilia", "pk": 2, "fields": {"productor": 1, "miembros": "Mujeres > 31 a\u00f1os", "cantidad": 1}}, {"model": "productores.miembrosfamilia", "pk": 3, "fields": {"productor": 1, "miembros": "Mujer joven de 19 a 30 a\u00f1os", "cantidad": 1}}, {"model": "productores.miembrosfamilia", "pk": 4, "fields": {"productor": 1, "miembros": "Hombre joven de 19 a 30 a\u00f1os", "cantidad": 3}}, {"model": "productores.miembrosfamilia", "pk": 5, "fields": {"productor": 2, "miembros": "Hombres > 31 a\u00f1os", "cantidad": 1}}, {"model": "productores.miembrosfamilia", "pk": 6, "fields": {"productor": 2, "miembros": "Mujeres > 31 a\u00f1os", "cantidad": 1}}, {"model": "productores.miembrosfamilia", "pk": 7, "fields": {"productor": 2, "miembros": "Mujer joven de 19 a 30 a\u00f1os", "cantidad": 1}}, {"model": "productores.miembrosfamilia", "pk": 8, "fields": {"productor": 2, "miembros": "Hombre adolescente 13 a 18 a\u00f1os", "cantidad": 1}}, {"model": "productores.duenopropiedad", "pk": 1, "fields": {"productor": 1, "respuesta": "Si"}}, {"model": "productores.duenopropiedad", "pk": 2, "fields": {"productor": 2, "respuesta": "Si"}}, {"model": "productores.duenosi", "pk": 1, "fields": {"productor": 1, "si": "A nombre del hombre"}}, {"model": "productores.duenosi", "pk": 2, "fields": {"productor": 2, "si": "A nombre del hombre"}}, {"model": "productores.encuestador", "pk": 1, "fields": {"nombre": "Santos de la Paz Silva"}}, {"model": "productores.encuestador", "pk": 2, "fields": {"nombre": "Lazaro Alberto Sauceda"}}, {"model": "productores.encuesta", "pk": 1, "fields": {"grupo": "Grupo de intervenci\u00f3n", "encuestador": 1, "productor": 1, "fecha": "2017-02-10", "anio": 2017}}, {"model": "productores.encuesta", "pk": 2, "fields": {"grupo": "Grupo de intervenci\u00f3n", "encuestador": 2, "productor": 2, "fecha": "2017-02-13", "anio": 2017}}, {"model": "productores.areafinca", "pk": 1, "fields": {"encuesta": 1, "area": 1.0}}, {"model": "productores.areafinca", "pk": 2, "fields": {"encuesta": 2, "area": 3.0}}, {"model": "productores.distribucionfinca", "pk": 1, "fields": {"encuesta": 1, "seleccion": "Cultivo anual", "cantidad": 1.0}}, {"model": "productores.distribucionfinca", "pk": 2, "fields": {"encuesta": 2, "seleccion": "Sistema agroforestal", "cantidad": 3.0}}, {"model": "productores.certificacion", "pk": 1, "fields": {"encuesta": 1, "certificacion": "Si"}}, {"model": "productores.certificacion", "pk": 2, "fields": {"encuesta": 2, "certificacion": "No"}}, {"model": "productores.tipocertificacion", "pk": 1, "fields": {"encuesta": 1, "tipo": "Individual"}}, {"model": "productores.certificado", "pk": 1, "fields": {"nombre": "Org\u00e1nica"}}, {"model": "productores.certificado", "pk": 2, "fields": {"nombre": "Comercio Justo"}}, {"model": "productores.certificado", "pk": 3, "fields": {"nombre": "UTZ"}}, {"model": "productores.certificado", "pk": 4, "fields": {"nombre": "Buenas pr\u00e1ctivas agr\u00edcolas"}}, {"model": "productores.certificado", "pk": 5, "fields": {"nombre": "Sello de peque\u00f1o productores"}}, {"model": "productores.certificado", "pk": 6, "fields": {"nombre": "Certificaci\u00f3n agroecol\u00f3gica"}}, {"model": "productores.empresacertifica", "pk": 1, "fields": {"nombre": "Biolatina"}}, {"model": "productores.empresacertifica", "pk": 2, "fields": {"nombre": "Mayacert"}}, {"model": "productores.empresacertifica", "pk": 3, "fields": {"nombre": "SENASA"}}, {"model": "productores.empresacertifica", "pk": 4, "fields": {"nombre": "IFOAM"}}, {"model": "productores.empresacertifica", "pk": 5, "fields": {"nombre": "IPSA"}}, {"model": "productores.empresacertifica", "pk": 6, "fields": {"nombre": "MAG"}}, {"model": "productores.empresacertifica", "pk": 7, "fields": {"nombre": "MAG"}}, {"model": "productores.empresacertifica", "pk": 8, "fields": {"nombre": "Rainforest Alliances"}}, {"model": "productores.certificadoempresa", "pk": 1, "fields": {"encuesta": 1, "certificado": [4], "empresa": [3]}}, {"model": "productores.eliminacionfocos", "pk": 1, "fields": {"nombre": "Manejo correcto de desechos org\u00e1nicos e inorg\u00e1nicos"}}, {"model": "productores.eliminacionfocos", "pk": 2, "fields": {"nombre": "Eliminaci\u00f3n correcta de envases de plaguicidas"}}, {"model": "productores.proteccionfuentes", "pk": 1, "fields": {"nombre": "Protecci\u00f3n de la contaminaci\u00f3n por animales y otros contaminantes"}}, {"model": "productores.proteccionfuentes", "pk": 2, "fields": {"nombre": "Exclusi\u00f3n de animales de las \u00e1reas de cultivos"}}, {"model": "productores.bpa", "pk": 1, "fields": {"encuesta": 1, "higiene_trabajadores": "Dispone de letrina", "sustancias_quimicas": "Bodega de plaguicidas e insumos,\u00c1rea de preparaci\u00f3n y mezclado de plaguicidas", "registro_rastreabilidad": false, "elimincacion_focos": [2], "proteccion_fuentes": [2]}}, {"model": "productores.cultivo", "pk": 1, "fields": {"nombre": "Coliflor", "unidad_medida": "Libra", "hortaliza": true}}, {"model": "productores.cultivo", "pk": 2, "fields": {"nombre": "Brocoli", "unidad_medida": "Libra", "hortaliza": true}}, {"model": "productores.cultivo", "pk": 3, "fields": {"nombre": "Cacao", "unidad_medida": "Libra", "hortaliza": false}}, {"model": "productores.produccion", "pk": 1, "fields": {"encuesta": 1, "cultivo": 1, "forma_colectivo": "Asocio", "area_sembrada": 0.5, "area_cosechada": 0.5, "cantidad_cosechada": 100.0, "consumo": 30.0, "procesamiento": 0.0, "venta": 70.0, "costo_produccion": 10000.0, "archivo_costo_produccion": "", "costo_inversion": 0.0}}, {"model": "productores.produccion", "pk": 2, "fields": {"encuesta": 1, "cultivo": 2, "forma_colectivo": "Asocio", "area_sembrada": 0.5, "area_cosechada": 0.5, "cantidad_cosechada": 12.0, "consumo": 3.0, "procesamiento": 0.0, "venta": 9.0, "costo_produccion": 6000.0, "archivo_costo_produccion": "", "costo_inversion": 0.0}}, {"model": "productores.produccion", "pk": 3, "fields": {"encuesta": 2, "cultivo": 3, "forma_colectivo": "Asocio", "area_sembrada": 3.0, "area_cosechada": 0.5, "cantidad_cosechada": 640.0, "consumo": 128.0, "procesamiento": 0.0, "venta": 512.0, "costo_produccion": 9000.0, "archivo_costo_produccion": "", "costo_inversion": 9000.0}}, {"model": "productores.ingresosfamilia", "pk": 1, "fields": {"encuesta": 1, "respuesta": "Si"}}, {"model": "productores.ingresosfamilia", "pk": 2, "fields": {"encuesta": 2, "respuesta": "No"}}, {"model": "productores.fuenteingresos", "pk": 1, "fields": {"encuesta": 1, "fuente_ingreso": "Asalariado", "cantidad_mensual": 9000, "cantidad_veces": 12, "hombres": 2, "mujeres": 0}}, {"model": "productores.fuenteingresos", "pk": 2, "fields": {"encuesta": 1, "fuente_ingreso": "Otros", "cantidad_mensual": 600, "cantidad_veces": 4, "hombres": 0, "mujeres": 1}}, {"model": "productores.ingresosactividadesganaderia", "pk": 1, "fields": {"encuesta": 2, "seleccion": "Ganader\u00eda mayor", "cantidad_mensual": 8400, "cantidad_veces": 7}}, {"model": "productores.condicionesriegos", "pk": 1, "fields": {"encuesta": 1, "sistema_riego": "No", "tipo_sistema_riego": null, "estado_sistema_riego": null, "area_sistema_riego": null, "cosecha_agua": "Si"}}, {"model": "productores.condicionesriegos", "pk": 2, "fields": {"encuesta": 2, "sistema_riego": "No", "tipo_sistema_riego": null, "estado_sistema_riego": null, "area_sistema_riego": null, "cosecha_agua": "Si"}}, {"model": "productores.conservacionsuelo", "pk": 1, "fields": {"encuesta": 1, "erosion": 2, "sanilizacion": 3, "contaminacion_suelo": 3, "materia_organica": 2}}, {"model": "productores.conservacionsuelo", "pk": 2, "fields": {"encuesta": 2, "erosion": 3, "sanilizacion": 2, "contaminacion_suelo": 2, "materia_organica": 3}}, {"model": "productores.usoeficienteagua", "pk": 1, "fields": {"encuesta": 1, "gestion_riesgo": 1, "retencion_agua": 2, "eficiencia_agua": 3, "contaminacion_agua": 2}}, {"model": "productores.usoeficienteagua", "pk": 2, "fields": {"encuesta": 2, "gestion_riesgo": 3, "retencion_agua": 2, "eficiencia_agua": 2, "contaminacion_agua": 2}}, {"model": "productores.gestionrecursosnaturales", "pk": 1, "fields": {"encuesta": 1, "pruebas_suelo": 0, "manejo_nutrientes": 2, "fertilizante_organico": 2, "balance": 2, "gestion_residuos": 3, "gestion_envases": 3, "uso_pesticida": 2, "mip": 0}}, {"model": "productores.gestionrecursosnaturales", "pk": 2, "fields": {"encuesta": 2, "pruebas_suelo": 2, "manejo_nutrientes": 2, "fertilizante_organico": 3, "balance": 1, "gestion_residuos": 2, "gestion_envases": 2, "uso_pesticida": 3, "mip": 3}}, {"model": "productores.cambioclimatico", "pk": 1, "fields": {"encuesta": 1, "emision_carbono": 2, "procesamiento_transporte": 2}}, {"model": "productores.cambioclimatico", "pk": 2, "fields": {"encuesta": 2, "emision_carbono": 3, "procesamiento_transporte": 3}}, {"model": "productores.biodiversidad", "pk": 1, "fields": {"encuesta": 1, "diversidad_vegetal": 3, "diversidad_genetica": 3, "uso_tierra": 3}}, {"model": "productores.biodiversidad", "pk": 2, "fields": {"encuesta": 2, "diversidad_vegetal": 2, "diversidad_genetica": 2, "uso_tierra": 3}}, {"model": "productores.paisajesostenible", "pk": 1, "fields": {"encuesta": 1, "salvaguardar_ecosistemas": 0, "proteccion_vida_silvestre": 3, "tierras_agricolas": 3, "especies_invasoras": 3}}, {"model": "productores.paisajesostenible", "pk": 2, "fields": {"encuesta": 2, "salvaguardar_ecosistemas": 3, "proteccion_vida_silvestre": 0, "tierras_agricolas": 3, "especies_invasoras": 1}}]